RideDistance_km,AvgSpeed_kmh,Temperature_C,RiderWeight_kg,BatteryDrop_Percent
3.31560854,24.13343422,29.05024532,92.04009557,37.24059406
18.56072859,21.63572784,17.03303859,52.82461135,75.30106246
8.400474161,27.79622662,29.88962511,67.89061694,43.44791173
5.977655323,22.75480528,37.45633293,74.89925969,32.47485412
1.517749223,20.28854522,25.8293048,79.17638002,29.60311979
1.517577751,26.57543134,11.48199136,55.10519311,23.20925954
0.859032612,19.39738339,28.78926283,51.57051678,26.6114646
12.56738519,19.50800111,26.72913961,83.08899222,62.22313113
6.014492922,17.27710654,25.35207129,61.35502172,35.09615842
7.88750037,26.3959149,18.99594099,60.8526099,50.97811173
0.624795848,17.03448155,24.11337306,88.60299607,28.2425456
21.52134485,34.39951294,36.99777276,70.83642778,90.12561117
11.21857726,16.47692668,32.75565349,70.91485873,50.47658764
1.932125751,29.26885691,32.24749154,67.84240666,44.8168258
1.704073932,23.27008835,32.10872322,55.3122152,24.06694136
1.715668537,22.04206469,34.78520224,78.10836339,32.22253871
2.676522377,20.48945425,33.35513811,74.91340626,24.59035436
4.963566985,24.8374362,23.27674874,72.0242959,35.99378775
3.893222401,22.82276679,31.86158994,68.60412353,41.93430671
2.565337955,27.05454202,21.44533713,66.49216421,37.11406708
6.178225243,24.00146691,24.0226025,80.94980067,46.24637093
1.401407172,22.95155884,29.40579283,68.30448324,23.3255907
2.573093072,21.18882442,31.68660045,69.23126754,26.89434291
3.237663309,22.58163333,18.20356653,76.35871786,31.2569741
4.153608127,24.26960911,18.81527619,72.49553117,31.46631776
9.727616066,17.59123045,32.96730604,89.70731269,57.95157156
1.836415173,17.0663621,19.45419845,48.86359867,23.38862417
4.83217493,26.18110011,15.23276945,73.59888926,43.57028889
5.885028328,24.15471883,13.31042757,61.53273063,38.56831699
0.785383099,21.46041243,34.86956915,58.69496158,20.53951237
6.111998124,23.60173526,30.18847646,64.51522953,36.8641405
1.621767512,23.7957687,35.48005468,70.6561529,22.42514207
0.903583585,20.06685718,15.13463226,71.18882891,32.85330248
18.34212676,23.47231279,30.48628756,51.79232541,73.99782349
20.72378205,27.96432653,33.83860805,63.50699404,87.11574048
10.41398944,20.69000625,17.26181254,73.37465862,59.04015528
2.67972716,24.30294281,35.69021228,59.47683459,26.93204497
1.11666389,15.46883156,29.56966387,56.62259314,19.67879516
7.416504579,27.97074869,19.98455054,45,36.14343036
3.980545056,24.88552619,39.14436224,62.04167862,26.65587153
1.280913404,23.34434729,15.74462685,56.20444961,19.56560508
4.601283369,27.08108478,32.25142425,58.1928054,36.1774087
0.709962329,28.83938836,34.81342695,66.73815636,24.07620213
14.90253732,29.78311459,33.24123498,62.80205348,63.3041419
2.296746661,15.21068974,20.68511494,56.00514527,25.95261992
7.017534791,18.63607583,29.39070593,45,37.56393258
2.74127949,20.18604556,29.07650776,73.62773566,26.48119316
4.904665375,23.33053054,32.69249855,79.03392657,38.09953126
5.247342788,25.38247178,19.45730314,65.23906025,41.00393489
1.726331597,19.52860765,20.85862364,66.81069164,21.8979209
21.4568428,28.11127776,37.05070797,70.03372619,90.85400568
9.453472263,21.34183634,23.93962323,88.94540292,56.7754202
17.33056652,23.88657042,17.49353483,51.18750647,67.76150356
14.01291199,19.87658361,29.15477452,65.02612329,63.26923137
5.966326474,19.79864863,32.94452289,49.33632443,34.46296041
15.79661228,20.54241465,27.92516497,74.3478215,67.74051874
1.055932754,18.36049018,24.83032032,68.27249927,20.58036345
1.808808168,26.66676923,34.30740088,72.43590536,23.36565107
0.777691794,18.39682739,28.05709227,71.83747075,20.58004264
2.861192521,33.24482639,23.57718133,81.88849904,37.38656457
3.452781751,24.83646704,25.98328068,76.45759557,32.16294397
2.399362659,23.33918516,32.57520284,79.96609549,24.02998696
11.08734719,21.33840568,32.12854726,57.21358372,48.22468601
3.147361997,25.58808002,17.4385672,84.31805038,35.29856323
2.478817041,20.31715296,25.43407362,61.33164713,29.98891129
5.194442499,23.78664988,27.46288335,62.02156549,38.49050019
1.411388887,32.59318537,26.99981394,73.25011093,33.80847093
10.22290157,24.17148579,40.97754606,73.62301916,49.08455275
0.964855213,26.83830711,32.05650341,57.13771837,22.49739124
26.50487804,25.81351381,22.99836906,67.9206485,93.82654927
9.376902657,24.2042717,30.86152526,87.8588238,56.80551229
1.829236643,29.5405117,40.21669899,52.37996126,25.82133769
0.533224522,19.6254379,25.90364641,87.82263089,25.00969679
10.63938066,31.9096394,37.08661327,67.09961858,56.69180066
7.862575444,26.7966516,19.5336078,45,35.25561153
8.333977453,21.83362726,26.74776788,53.5992192,39.25993781
9.351287156,26.86745275,26.96481575,58.43826955,52.40196524
0.961575593,26.1306117,24.2403876,62.51284839,26.41939214
3.163356034,25.27807886,23.816787,68.7434409,30.41372818
1.238900628,16.02882628,17.32960205,45,21.75237126
12.43117743,22.19924565,35.11381351,72.24165271,59.72206869
6.35780715,22.59937725,34.45041014,57.3389139,34.51715682
2.910912808,22.42999449,34.85404295,86.68627086,32.49506615
0.894008395,24.70619049,16.72092721,66.75787935,23.55054384
2.734930102,23.39453653,36.39888716,81.31415406,26.20808477
2.859885279,17.37359388,29.87792613,83.32418776,36.95084637
8.347254704,25.60760508,17.51960161,82.99927892,50.4049209
6.589336154,26.08967702,27.86708004,63.20311908,37.43342358
13.59351147,27.63753966,33.67841202,63.04959811,55.64159473
4.3343968,27.4067221,37.57876366,67.30032041,22.35539297
1.264234362,25.65174721,19.10186194,77.6348485,32.59740679
7.994758066,25.83540983,28.77435965,63.87165676,49.04914278
9.082356518,23.98992628,23.22545267,68.56885032,55.57884772
5.443324969,16.71698751,29.24098053,73.2831258,35.98921048
9.3433398,26.05430783,22.23666167,59.14129689,48.08421972
4.584888389,23.97697285,22.84612707,58.38270054,31.48909657
4.938073033,24.32083361,22.83683477,68.10083342,35.54549197
3.846885163,17.85472699,30.23076424,69.69014578,36.10147684
0.654486644,17.8393955,17.47234256,75.20662576,24.33418346
1.185004611,26.50886257,19.50328251,78.0626389,31.24310212
0.691602088,22.01467991,26.19163867,56.81124615,18.13413943
6.570377306,26.36859712,20.01402023,60.25498082,47.60263639
2.764380253,22.80436857,25.40983278,58.35097255,18.75605105
4.762623063,23.30968032,34.53230547,86.94936882,33.98765721
14.78759318,29.45003352,26.66472204,68.55675292,70.99722787
2.220432938,20.49092932,35.88267239,70.19355154,34.09890278
3.669691849,23.30190607,34.95848676,70.69329237,30.94831104
8.952494885,22.38902257,39.26710959,61.41195984,41.26114694
2.058830942,20.77672283,21.2401442,88.77123423,37.16399801
0.980625671,21.00846792,17.64579442,74.93231986,27.93575715
2.552841823,23.52674554,32.56059615,70.47508636,34.68881491
1.554850151,20.47371805,17.6062291,56.73692295,17.72255328
16.42970052,31.13044963,28.3713796,56.0568101,77.03873274
10.40532248,21.02290141,26.11163769,66.29310962,45.30298839
6.520965143,22.88275471,21.00313828,61.60009848,39.17673531
12.80911838,23.44335536,17.75068328,57.19066785,61.40602822
10.26781364,30.35486495,32.724514,65.54850377,54.76993407
1.738972858,23.22096232,20.12835545,67.40286366,32.12228078
13.88488043,29.59859827,40.98700247,71.70142505,56.95997454
5.150599412,17.34540836,34.32216275,63.95296634,33.51220194
10.38408975,25.6642235,35.14932106,57.90879166,55.77634535
14.0854559,29.07988716,23.42509517,58.32494937,65.17717087
2.796384299,23.02823203,30.1802687,84.55567275,28.20002186
1.199552961,26.56180974,31.65042668,54.97890776,26.5461938
2.052120477,20.44387632,17.76107583,74.35818758,26.5249195
3.842346156,28.5979763,16.71209333,76.23455596,34.76293623
10.72297836,33.87633708,24.84886499,68.54469429,54.23118383
12.32806983,23.63066322,17.75066536,91.2139487,65.73455296
0.541858455,20.35345453,36.3733186,76.02062792,23.17640048
4.789256956,29.01085215,34.03799712,92.11483658,37.21255415
3.741639926,29.25369856,36.02176765,62.18723198,27.19501467
2.00700403,20.4103109,28.60703197,62.39265508,21.54725734
1.266082349,20.63577332,17.45131068,76.3304459,23.3148419
2.971451479,21.61572443,30.35421308,66.86241235,29.10488628
17.67872674,21.04187964,15.14001418,90.2279851,84.08020209
2.842302817,19.03596792,16.03777295,74.1004046,32.60059486
4.888716835,19.20561614,26.19924294,57.46510936,33.32737224
7.784521861,20.8749402,27.96279872,49.1582031,47.05284053
3.211846994,22.6642222,23.71257107,69.06113689,33.50417821
21.90678883,28.41355614,11.6344353,68.93052245,96.87109445
20.19205919,33.25001677,20.55832103,73.76519108,87.72466809
2.24036777,18.56667578,37.67114949,84.52828689,33.17290355
4.625955671,27.09377851,14.79659124,82.94935965,40.26054993
2.64758276,21.80594031,26.36287025,63.05318761,29.49996951
2.511498058,22.43001968,32.53508039,54.47416718,18.2032797
0.725506867,24.88065469,34.46233129,55.19054638,20.33364092
6.142952426,19.04485002,29.5618594,61.15837954,32.17495494
4.691117797,24.70241843,36.95135028,65.59922142,38.25757488
0.817106524,22.87008546,25.39998968,73.66074567,29.08419218
2.459755526,24.58474394,24.3770708,60.38838884,25.57061585
14.83316571,26.864966,26.35674285,73.36470365,78.99630346
2.143163313,32.35699139,34.79846513,74.34448175,30.04865159
1.439185166,19.80883635,33.60678721,71.72012659,17.02949525
4.533632657,21.00942034,30.99164102,56.45652404,27.36691235
25.9642219,25.99849337,29.4224534,75.6139207,99.38003812
2.162868881,20.31880874,18.36961442,94.97523555,36.51305277
7.190930062,21.24818401,27.60564747,72.95076192,38.26645733
9.103325757,29.03189756,31.02185694,45,42.55173238
2.127999034,28.21401675,31.28701273,84.89055486,34.41677444
8.316493571,21.79613822,19.0518903,61.56702668,46.5676581
3.251136796,19.48336191,26.43340573,97.18855229,37.17293079
6.503022486,25.51141785,33.69099254,71.39636142,42.45080976
6.523026963,21.42186456,27.88294875,49.78359167,34.31524135
5.1043115,25.80780515,36.44674686,45.22363012,23.4781087
1.067774953,23.07863582,32.50682055,88.47688915,26.8450521
11.32186877,18.76749073,21.94474336,83.27085983,61.30179241
2.820861762,28.89523625,24.39179378,96.71222663,38.76108429
1.73859264,29.61815885,28.65904336,70.13109383,30.75160741
0.749778559,19.73628988,36.29633068,69.3216414,18.4774521
5.862670428,21.91486137,16.0693505,65.40737449,44.26043321
7.291110406,24.96623916,20.11958473,62.1005171,32.34438713
0.600361685,23.48791758,21.56935589,65.29084535,23.80568264
4.805783507,25.83562297,30.05234168,72.60955999,43.65489722
2.040944882,30.55105438,32.22730057,59.87319056,33.89364404
6.716746049,22.9713976,30.404827,49.96852784,35.75009206
1.649625335,19.21921736,30.5535677,71.91851961,19.26926766
7.545275165,18.36904188,35.20204473,59.60565282,45.58975196
3.433752206,19.93471789,21.22802142,45,25.45418664
17.06206291,26.13300784,20.99493269,76.63080869,77.33204709
1.387666481,29.52514807,24.17425449,56.70329154,21.16740674
3.002794604,20.68025345,14.9803723,77.94147346,28.16057084
1.22266571,23.20081823,30.85686619,77.65417728,29.23294873
16.01714238,25.93859401,28.95698746,73.40308014,75.75329275
13.09000224,30.02607365,35.2278658,99.96181408,71.70135439
2.28996422,32.68022076,28.62076274,68.3433778,27.89149037
6.972576434,21.61966902,28.07659111,66.57232519,36.82096902
10.69690444,22.71646834,27.45051285,78.20406906,50.09948906
5.360794164,27.51684205,31.94100698,69.33463165,36.2694102
5.025676461,25.98398507,23.15531228,83.92592245,37.65583453
2.161262273,29.92714487,22.91989359,54.77432911,19.73811836
1.086356843,24.60730195,15.96676509,54.97390663,26.25977635
14.15073935,24.10051647,34.31182777,79.1897139,61.01733969
14.34064657,27.94778096,23.0435717,56.02226873,69.21441119
6.516019517,28.0638192,23.51455103,77.30918328,47.59543308
2.984279059,26.02799849,40.24875171,74.44003415,32.25829568
3.077405695,24.79844755,20.92559289,61.66614057,37.99100121
8.266792578,28.3333969,30.94198914,74.40604192,43.71784616
14.14458409,30.21332839,19.21119027,55.18489065,69.26939373
13.58679542,30.92533482,25.7978526,58.00120088,62.23416373
9.581373152,26.99018284,33.89216858,67.15374714,62.42324797
6.663864161,22.99749372,35.91145579,70.94713383,39.34359185
1.027350357,22.84369234,24.53530061,66.35633756,21.64848021
1.557765288,27.21547719,37.08043674,75.19739157,29.50668278
14.229383,22.28960307,31.10125629,74.66159698,64.97257078
6.094963682,24.99843416,35.20803301,88.3524017,41.03765151
0.555437634,20.56550416,27.16753257,68.85657583,17.69255167
1.141981409,22.40047464,19.2707972,84.33476117,36.1352994
7.034974324,28.87255103,19.90416441,81.04870615,43.9547878
0.530446622,22.89700793,34.4688503,97.5277274,29.87383563
1.551894897,22.57371992,22.87403538,68.47290376,31.15162541
5.274187077,17.87912221,39.35978199,64.95569534,37.91285668
7.56389172,26.87598719,34.92934355,85.09233067,46.18090517
6.832648893,26.29009895,27.94219092,74.62519086,43.91988367
2.023699204,31.15894369,30.72086442,85.3799106,32.11507506
7.972503733,22.76201299,26.76815388,78.60158558,41.409055
2.124942554,23.40783695,24.76158592,45,24.73465519
2.861809454,23.7129871,37.07875587,74.51586132,30.41157315
8.73414531,30.49334945,17.12456619,73.73459078,60.09611839
6.792642886,23.31697859,27.48980352,71.59728283,39.28956269
11.85173646,26.07902022,16.55176943,68.41308335,65.38768005
6.930879729,26.16430597,22.7647184,50.89427767,45.16864958
5.540265834,24.13150295,30.54167212,80.49012301,41.37395264
1.090142369,20.48680113,27.4422149,74.48522114,15.28591772
3.250497843,23.58898443,22.19529724,83.22348037,33.50270891
2.348960887,26.88176722,19.85746278,51.53493371,34.63193135
2.178201222,18.43848911,29.6712943,76.08561387,29.11335527
22.17385644,28.07534281,27.08560034,67.18408795,94.41880555
3.496324982,20.07359799,35.78084152,71.72545612,30.02735492
13.85633127,30.24426933,35.09839099,67.32208439,64.10039055
6.484006314,17.52825396,34.47693723,76.52329513,31.7915411
10.00295152,22.26505049,29.70354882,68.04552255,54.93409216
4.690611946,24.68150049,12.50810131,57.3770209,40.50602765
5.660935416,29.67732997,29.4460141,71.03710503,36.99945914
4.5697606,22.87943911,30.08448971,67.42990555,33.71401643
1.803289372,20.23002424,27.27843327,68.99927655,24.41692393
8.190570818,31.57227098,33.12657518,45,44.61276793
2.47746421,16.82731045,31.98812788,78.191633,25.86975066
0.647698886,13.3667009,21.32909953,66.22403659,24.23389023
6.721812718,25.44051098,15.61192243,53.82215711,41.1765086
1.669601421,20.40918346,14.03993247,81.0707622,19.00827555
17.42649888,22.27169345,32.50866678,77.63638873,78.34227765
18.96537448,29.57476941,20.85092278,66.07215764,87.01781061
15.28105931,26.79546768,29.0614494,56.17396745,61.24969452
3.273724379,20.56211657,36.50534821,72.13636882,31.74284756
0.593463892,17.02714838,13.19410256,71.47727302,31.92426138
16.31314074,29.5681145,21.65147556,81.0920114,78.44915658
3.853629662,25.56421213,19.73889952,64.67517382,39.23901461
20.9050521,26.82955957,26.94194063,84.33906562,89.24978529
20.38241286,34.4821512,15.2179406,63.51696396,88.76994338
12.0043221,20.72074146,24.77651973,53.85001859,53.29088892
2.592656409,16.54606342,33.58273524,56.41260693,21.15205659
3.417751593,20.08680562,32.71014169,69.25106153,29.36690683
11.92835991,24.79974591,32.00232927,69.21382589,50.82286587
2.786877389,23.67007714,30.97676789,73.93433369,29.27195454
1.614311698,21.43863369,33.80987014,68.91551163,30.68541449
5.382421952,24.75382707,22.82690817,81.72782219,38.0206616
17.00776082,21.24578251,35.25595443,66.86687082,66.79080725
7.644953587,29.68629681,26.25445644,46.04468482,41.93801841
5.564674019,23.06256379,37.65046169,68.54683974,37.31185161
1.113369184,26.74752562,13.24759217,45.91865575,24.00419479
6.227184293,24.92769746,40.0234773,73.25669177,39.82779319
28.16341849,30.8678675,24.17248641,82.68631599,100
1.40552352,24.63045,38.29145814,58.16530616,20.19640675
4.88297195,25.01157723,30.48882858,87.02268024,35.33252815
13.09165183,27.843804,29.23220216,80.11397494,65.65185207
8.60020549,29.46666149,23.06260451,84.47776186,57.89470482
7.664446552,24.70219632,20.0177211,72.27476628,49.78933224
7.773725337,26.77944636,27.58698096,58.08681789,36.00592253
3.172954054,22.43429574,19.65445613,79.36978513,35.71610307
2.585372506,28.40681199,34.2967766,62.50478912,24.42125689
10.44424704,21.90549255,29.87077269,71.41461407,59.68186387
10.46796919,31.82075403,27.22469544,67.94378809,57.95842514
12.60770028,24.99129327,33.11220982,83.49635028,67.77135744
15.16769577,20.06882353,36.54276427,78.76392407,68.34876815
4.796559422,23.71155752,36.38777388,69.03321042,34.67126837
4.677106265,20.44506994,29.46143641,46.58071368,35.61206899
10.10569959,27.88899909,33.25984028,62.3772704,56.07164477
6.798314449,21.0890827,28.85317483,78.45066747,44.27100832
7.763303891,22.15609224,32.94312877,73.36132313,44.3212369
10.03171685,16.94976629,37.04998698,51.96133679,36.78129032
13.74394086,23.62675994,29.70877745,48.32094433,59.96005601
2.974894443,13.0482063,37.67059523,72.3461098,25.65751528
3.325620732,16.49579389,28.35832273,57.31531399,28.65083443
1.092176235,25.31470268,25.41509076,58.47044247,26.91142406
5.68048416,26.56332167,35.7182135,78.07129275,46.61489957
0.719624625,23.8817364,37.47814151,84.42686536,27.59090729
4.259641689,19.19700585,29.47856877,60.99157568,26.04132779
5.193767514,23.10759645,26.68842113,69.46287631,27.87888298
2.525783962,22.61703583,18.37913874,69.10904001,26.55513264
5.861795181,18.83199004,31.23047932,68.02955074,43.08627561
0.685850373,28.1850558,36.26475983,70.48718171,32.37869875
0.728380996,25.69154441,32.648703,79.07798713,25.05165958
10.87610822,23.83517036,35.75060062,61.91290784,45.59956532
3.179510145,22.90242089,37.66187251,51.69666959,22.22935419
1.315334248,23.16236479,25.61735482,90.2801192,36.03191663
4.93192153,15.06604091,15.744092,83.07306309,36.30916375
9.317887643,23.34076238,36.49905533,56.75634555,48.42000438
1.958708021,19.76174001,35.83338982,71.62758411,26.27900378
6.351317712,19.58134939,32.504201,82.12842598,45.3940482
1.035266174,21.13441537,20.47260382,78.98852733,35.46366128
0.818390575,29.39534375,20.53384019,75.54415972,31.28536164
5.047453644,25.82523486,23.44466753,67.9572773,38.81968094
5.167462656,21.0071497,39.33089601,90.7276471,48.83159505
6.587224689,25.9371373,21.56215815,72.65030647,45.99963194
8.269763378,29.66486259,24.40486381,63.82048889,44.74509729
22.84134205,31.40887024,26.93339068,80.45290875,100
4.857746715,23.45295816,28.07846663,71.1527037,38.85750604
2.840118285,20.12228246,22.22458074,74.19757273,29.67731107
10.01392388,27.29637422,22.12097564,72.43779042,53.05905902
2.395108793,24.17271874,25.75132789,75.96130689,29.67074866
3.967900588,26.57274803,33.35132859,58.25852496,28.76938347
0.990231012,24.78824496,30.90038315,52.58672335,19.06130605
0.654065657,26.36172728,20.42417339,87.20959268,26.20039553
20.22427954,24.91512904,29.7908677,72.99501474,86.93338136
11.34660585,30.10622773,28.98601911,79.25016733,62.57670273
7.643856397,24.70136252,21.35003205,48.88288936,42.91305724
3.655157867,31.21483296,20.28016789,82.8001973,39.63354304
1.641839217,19.65370853,27.23984386,63.74217226,23.01858139
1.520724449,29.32403633,28.67461869,60.325382,32.24683729
2.228035935,23.34865212,33.68970729,69.23952199,27.63869053
5.28074389,20.71451396,15.03846142,58.26423747,41.61762691
8.023095727,22.0702306,13.48583888,69.97921962,43.58423461
6.976342098,22.46269629,33.18241754,68.36393984,44.25352679
2.470473568,24.31428218,36.22595843,82.72475086,28.10959711
19.08862099,28.8634972,33.99776831,88.16013403,83.71463368
8.534104429,21.83872609,30.36725653,87.77818951,49.63516048
5.349382892,23.23992735,27.10057607,45,29.76627977
6.176182832,32.11312714,28.63942557,58.77799804,38.671126
3.764227193,29.85122948,23.7090279,45,35.28841834
2.207967754,24.29728662,28.20355081,55.67749271,25.24194119
3.140084776,22.93703511,37.43961556,62.20578147,28.71047738
9.009091087,24.73239808,26.85598311,74.92673938,49.23058924
0.586988478,24.60081901,33.9289124,63.76080119,25.13704124
1.240282353,18.21890033,24.65942839,64.09515915,24.14411919
0.782566262,21.16613542,36.25519466,72.1811762,21.05093876
0.749488712,15.51303588,39.20479578,49.48828426,7.115051745
12.1052182,26.62319704,17.19440806,59.93688216,60.22268879
7.79744367,26.53814468,20.69051795,63.95732049,48.9367363
4.356707566,21.15643104,28.35463036,67.57117614,29.14532853
1.117741511,28.57538243,35.53046262,70.92344788,24.53839933
4.559107795,18.2367143,21.84304909,88.00779748,41.65879843
4.348701993,17.22967598,26.13875817,80.90003393,28.74638127
1.641168277,23.30809934,32.77003005,60.76827971,20.60218702
3.913394788,27.16674191,18.22630092,66.86405129,37.31804143
3.550019687,29.62321569,38.21893414,66.04673035,37.12461196
6.240334597,21.7245466,28.0048219,63.8301698,48.54145688
6.548687216,27.95189514,34.64588066,73.27018991,52.0187055
0.778173944,22.04050961,31.63236558,47.68264536,17.94928676
3.316304028,22.13856681,23.08515312,80.56857266,32.5293901
6.398749969,27.13432724,14.46288063,90.32260949,53.89840992
4.696636716,25.78345069,30.62360311,66.76191351,33.23455132
12.14809672,18.73145555,22.6787455,66.5276269,54.01577539
6.949848584,29.64362354,28.30740753,71.88453097,44.27112323
1.567117213,27.91214472,29.20189744,82.23263172,28.86715748
0.939094618,19.73252285,32.70003024,66.1084754,23.29652843
6.670364883,25.25080535,19.46756139,81.20734199,44.186807
0.661214436,24.14142435,27.40887872,75.86193607,25.73646474
5.788084267,24.48971613,32.49645088,98.33933733,53.4021191
17.40353273,24.14966257,32.21146742,66.05605582,74.63526042
5.640694673,20.7236802,21.9513452,46.28799463,39.84407873
3.447804153,22.75973475,17.68665234,52.80473055,34.61153953
6.684962947,28.36215681,27.23588895,70.14313885,46.76472246
4.177735844,25.21883458,36.92520058,82.33458513,35.22875186
5.232886163,21.82576421,34.57069181,62.16989031,38.90011929
17.52876288,29.46898556,24.6860119,67.2288106,76.6327236
3.427565164,11.46272081,29.14849666,78.21811285,29.81061456
19.99455117,31.59370059,27.92295848,58.41720879,84.94265629
14.6454571,18.70250916,31.24323309,62.66476721,62.90234844
1.807377566,21.00208063,30.83321539,55.98727975,19.08423157
0.931304932,17.75414665,13.6273455,84.13873711,21.21963395
1.137352013,17.1056121,36.9989375,88.50007374,30.40403147
0.610339327,26.79589198,34.39458868,51.04702013,21.43972041
1.09523007,20.40300271,26.37185475,68.29377401,15.91117999
7.393249235,25.23432784,16.65803431,86.8871077,47.61361608
0.943097762,22.04809212,21.25794635,74.7843422,26.95362334
2.80494313,24.60939909,31.11864213,64.1291292,30.66467496
11.68115624,25.22757662,16.23844546,51.44605456,48.63394152
0.641282019,17.02835161,28.39193261,83.83533462,24.24636709
10.60718304,28.63686304,23.55416817,74.32618258,60.38203558
2.486500801,20.64659887,27.57620658,52.32416335,22.29726883
1.254500719,16.08729759,24.18424232,84.27869265,28.11277661
7.658932451,22.20227247,15.81599118,50.79515726,39.64589313
6.448395059,29.61513793,17.92741318,67.35416615,48.5961361
13.09649488,28.67501069,35.4301654,66.82462356,58.43023325
8.469761473,22.72283183,14.99900603,89.42057595,49.17519271
10.26197484,23.16846289,15.46093004,66.8674457,54.44897681
2.488003174,21.33546059,26.18700636,66.82428776,21.50737516
1.671999776,30.72499188,27.10719098,53.64305986,15.80863244
8.832538376,25.7358764,30.49075909,62.31522785,52.27042765
10.3652551,26.31148036,15.99556774,60.19245447,49.56107722
28.44202934,33.23164115,35.79046165,60.81733161,100
3.692476125,23.87827567,37.22804726,70.0754143,28.08580446
3.291463472,21.78669728,17.11379577,45,22.65688361
9.48772702,23.58653236,24.4725014,51.87723705,46.32617257
3.000402026,22.46369547,33.44263438,68.66777352,24.39339761
16.52082755,25.98131794,21.59638409,71.4550562,77.17417075
12.22903494,27.96777691,38.37306008,67.19880642,61.65052642
3.862133657,23.17331696,15.74353078,69.51046612,29.36190066
8.838708299,27.14023738,17.27622704,65.09060064,47.79886011
8.927797921,23.90908316,35.02118948,69.77794476,45.88190285
1.153025113,22.60279704,33.49775237,75.20970664,24.52058749
14.47067409,17.62486578,34.13373481,75.12560474,69.56120948
4.722244939,26.84587193,28.93286453,61.73249906,40.25961994
11.00799535,26.13795274,27.34882838,80.98113687,70.66093223
2.814412557,26.69564358,16.48567524,71.88530433,23.3544463
14.05274309,13.92816426,31.70486161,84.78656748,60.71994293
3.457930724,31.2179815,17.22135997,87.19446918,49.02433338
0.56538084,21.5829867,28.60941949,52.68727934,10.08398143
14.64744378,30.09459221,37.16468752,59.69166953,73.34909004
1.074353663,18.10896471,16.70513906,79.76257648,27.76658799
2.8079218,25.15307607,32.13018482,50.02129096,26.0225267
18.4818343,22.40679632,34.37205854,87.04212355,75.98169621
18.54769724,24.14184847,29.72769018,65.87341366,75.92647381
5.611983746,31.05912135,18.44037904,76.90039642,52.59007796
6.495380482,22.86111552,25.38493465,68.60331205,41.26558363
4.070087982,23.88725349,19.28492129,53.29132567,29.40765906
2.582136672,26.12580509,24.1058152,82.66653523,36.02515338
2.890918007,24.70545705,36.47605654,103.0086764,37.0245372
7.19794148,24.40116099,29.12064464,63.81990068,43.99408358
8.875027242,25.67860082,16.94050112,66.13169739,46.66810792
9.909172497,34.09095547,33.92069406,45,48.46497813
9.852986191,24.23277136,35.78375159,86.21803484,52.32782995
1.073821679,23.07285161,13.96206096,80.94118387,21.42748221
4.592297579,27.35069198,34.74968609,49.19939366,33.06507023
0.855690239,26.63602629,27.34773214,45.22137446,13.62645495
5.284767894,28.0693132,36.31850369,46.6092246,31.6702365
3.99533165,25.5537538,26.52155866,77.7420295,40.95392263
13.61971199,20.83290835,27.56156078,78.93989704,58.37320466
3.093149717,29.30701356,30.96329738,58.91999267,32.65280086
1.247035865,17.72637739,23.63613428,75.99112038,24.17324267
1.425845927,23.56700334,33.4913939,71.90652545,21.27214052
9.100583282,21.25804242,30.9841826,65.59276352,56.50584131
6.277434078,23.31280513,27.57079142,81.64236192,43.89199588
1.139652273,23.59996271,23.63840369,55.54077279,19.57592364
1.02713313,23.54221214,36.50199716,83.77047056,23.38024687
7.74325083,25.62349572,26.58383716,61.25774135,48.26439195
0.953276537,28.69316421,19.15255235,91.37844018,30.21523891
10.85111512,26.52691599,31.54754956,57.93632772,56.07915842
7.849998519,22.98587309,27.22036688,65.78113506,44.73112048
1.009092503,26.1086218,19.7600814,70.70304565,32.00079988
1.031923207,27.01586276,31.52933225,70.62782257,20.8906422
26.39275137,23.68775658,28.73896232,75.88994201,100
3.313025495,25.21785665,23.22429997,54.57181098,27.9914127
3.278331563,25.62427386,16.39401544,69.5522511,33.16898492
10.55345242,23.44810909,17.36660928,71.65758048,54.63643778
18.15298723,32.04107406,24.72296856,63.66714131,91.5384582
26.11264364,27.92793856,32.23442056,74.84870341,100
8.899395381,24.72715466,38.0529844,53.84356104,45.34132025
3.332125998,22.1407442,19.52617507,66.08255333,33.54693747
1.023163962,22.31810718,15.77258824,60.96179051,22.79376038
9.507455243,19.99176346,31.31789937,66.11882885,43.57803587
5.404162445,17.59083708,30.44637876,87.36442552,39.36452104
3.812198752,29.33106994,30.51041223,87.59746871,42.87652583
14.70942605,22.28951112,18.97307785,85.24499753,77.74115779
1.207281248,18.33625091,16.55081684,64.45291264,28.27155321
4.571030656,14.52919721,16.16469273,80.89141932,30.25958066
0.568511537,19.58628089,39.02138316,71.34834552,19.29993843
4.294126217,17.78117238,32.95578541,70.54707644,25.61869886
0.847702586,28.77998629,39.03864016,69.07166383,29.37278916
1.258945976,26.35400485,31.1625024,91.10101429,29.37178266
1.250157392,19.55993797,27.89770275,86.39006327,27.92233109
6.785410318,32.7060958,38.50876998,78.93875702,48.60050548
8.723586306,28.10795852,38.17980915,67.95638841,60.5906584
5.753322663,22.13900513,21.42724476,70.4747291,41.19578484
20.14832125,17.03945745,34.86376635,76.36679925,81.21352119
3.318779468,31.99346516,26.56663939,63.74069306,27.85141696
2.518814945,17.07141387,36.72561505,81.25978859,35.15330359
12.67701523,18.58765882,32.24083963,58.94505866,54.88720243
2.018492406,26.59490483,38.15584285,74.70212426,35.97483888
20.31722064,36.83831478,25.43405236,45,88.2869453
0.573373666,27.68043469,19.84610245,63.39257768,22.2535371
21.51516154,29.63442686,12.59058097,94.9321256,92.64825161
0.764713992,24.57019586,31.55361789,82.43429793,28.07227475
13.80632737,28.86524408,21.78496494,88.4256214,68.97404502
5.000859502,26.28592923,23.61989333,61.99230799,36.83488898
30,30.6247657,15.60242398,71.24527404,100
0.959968256,22.65679648,21.48563491,85.38390704,21.58779236
5.342657982,23.08529198,18.71510695,77.59713922,42.424873
21.40145133,24.33450448,35.90576234,76.10279053,91.91959182
4.942663599,22.11296559,23.04296642,89.56698364,45.63359359
6.455769742,16.84211518,34.98321194,57.51454041,28.90284005
7.639407429,23.51649335,24.53147914,67.78914353,47.06751383
4.136766534,19.0798272,31.13841715,48.95097325,32.48481114
6.426045038,19.19215399,13.68516607,56.85872738,40.34445254
5.766955171,24.1613154,30.02188064,82.89022471,42.03267157
14.38539662,31.1643583,33.84808618,58.99180881,70.30125242
0.77906877,25.86803362,25.96743921,78.82629105,24.15594719
2.479056355,16.33776167,36.03136364,89.9018205,23.58979378
18.52397604,22.67248146,36.56754232,67.8647419,75.93805818
13.75805497,29.20259849,26.10464261,76.23836128,70.42247717
4.149051572,19.10731332,25.51660961,78.91974555,40.12727991
6.307598172,22.67836694,26.09511651,55.34205924,39.79949168
2.449240519,24.81251853,18.96923782,62.60257186,32.84347919
1.750424969,18.56422842,17.22328508,57.95606546,28.53322239
4.238351593,23.48108992,21.56303817,63.55932268,32.48544983
3.115721208,17.44282832,15.92273706,78.59332838,32.35792033
5.757462236,21.03389498,33.93646411,62.85763923,41.62619144
0.985533707,23.52551116,16.39210966,69.57816128,20.77910066
22.48976074,21.25046525,35.10245725,57.4904606,88.19426555
26.20319345,30.31269732,27.99716562,84.71706597,100
7.687183291,23.84324463,27.5793227,63.45868012,48.85435266
5.108470606,25.48707747,34.30879786,88.27576662,41.59864831
2.722275809,23.57622549,28.02568908,70.73114913,30.20384056
10.585443,30.10292247,21.00587211,53.11600506,61.25897612
7.425977502,24.35739239,27.29658238,67.94767904,39.59585749
1.564841925,20.67358832,24.18757476,57.24667807,23.74148681
15.00980655,26.24164165,37.93657415,77.07219253,68.48196931
10.87396707,26.89168388,30.37422689,66.86364661,57.67701581
18.45043115,26.80804807,24.9234306,71.95852306,89.5122581
8.261624025,24.22777277,23.6996458,65.56776268,44.20416195
6.202424118,20.74263928,26.6855261,63.33589235,32.93029298
3.75021504,20.28595009,25.02038942,58.31653588,25.9098513
16.69411017,20.56310646,26.03345526,80.03467524,74.00479794
12.56235428,32.13889554,28.73539818,67.92216278,63.15118143
0.777637632,17.21895647,34.11809916,66.22370928,20.39090345
0.660324901,19.39346043,27.42192532,67.62143322,29.73876213
3.334086569,19.95989258,32.41167271,61.85365848,35.23507018
10.48188634,28.20016909,25.31751916,66.26378288,60.99548388
26.68565281,27.49161449,21.41963568,72.46755778,100
1.47805706,27.36048256,38.58232821,57.59035601,26.47682861
5.910344781,20.7836237,36.35815489,59.32777608,39.96215578
3.376842199,23.9601872,24.39751706,86.53940912,40.45096841
21.52225133,24.03917462,31.72489737,65.64692161,89.66975994
11.57547924,33.47446632,32.3431453,63.38127029,60.36867901
11.43314028,20.10789139,32.6420419,53.87354073,49.26671905
4.294493427,24.3129062,17.2832037,80.20813165,33.67149703
3.715009618,25.46385993,34.60558221,57.32889024,28.98232316
2.416333353,24.25927973,9.890303121,69.81648807,34.4979395
0.848161783,21.47088981,18.24731926,49.50177917,20.10763842
12.50255684,24.60635641,25.63014296,79.8180736,58.68613728
10.55670464,24.81442205,17.24293949,84.12227492,59.10848617
30,28.91199199,27.58711299,75.81424415,100
30,33.35551647,15.47026021,51.58623842,100
5.363909556,32.1830694,17.60209876,80.06514573,47.4772846
9.291698541,22.0929575,34.93006,60.071812,49.49340577
17.8770301,20.99004561,17.07237277,55.94833746,71.94130618
11.86863209,24.61402983,40.38563407,65.39846745,60.11448701
2.204914667,32.87006602,33.53831431,65.15958792,34.69127995
4.092960964,19.80854197,26.72060991,63.93941619,33.03928994
1.329778066,28.88891174,19.6402007,85.28409097,35.59979997
18.98134272,33.45613894,36.65442883,94.14191196,93.01816621
6.091086216,21.30841859,39.34549769,53.57036155,28.89167859
2.057622353,24.7903379,24.90848933,61.73401127,31.49876798
7.182977235,30.3093308,34.04461972,71.71298003,42.14177333
6.276022608,22.05249469,16.17653404,65.33540211,37.96425628
3.160522774,21.97580925,33.42189547,74.79278499,32.05736702
1.223234728,19.97908503,31.6995373,80.99182427,16.62955232
7.180647701,19.736135,17.09046065,78.99239131,47.14247524
4.907662545,20.62980546,19.53931739,77.31680281,43.25050316
9.378842486,19.44894955,13.45885682,89.90914625,48.93334478
4.905859163,23.36279866,25.82354399,50.93263261,37.14531145
11.97062067,21.91276224,29.45452753,87.7613055,59.15599382
5.316524714,24.26427483,32.83478734,65.04410039,37.24040781
5.438687486,17.13608929,37.03811985,79.42150265,34.66613486
13.05655186,26.58765889,30.87903177,57.64400526,62.13827111
3.599883884,26.23408682,33.047686,59.0980433,34.77119235
1.363327732,14.36588936,30.43292244,77.9454075,27.0873374
0.675230129,23.66503381,15.07641209,46.85523973,19.81040818
8.942344716,29.14626215,31.49755672,81.87330494,51.52480408
6.310393802,18.73903438,21.56976054,85.11956203,43.85345011
7.805992087,30.64178757,20.22638247,72.13341825,52.8744699
1.936888961,24.16029828,30.68192247,71.70113243,30.88965371
1.379675307,19.5248714,26.81807873,59.99636626,24.56579782
0.587908858,21.9239009,32.50173914,78.09339283,18.37237117
3.090123569,25.00583854,37.00622497,74.17198296,31.21988749
5.848384254,23.76611763,22.61651631,58.94193525,34.94070838
3.487891205,25.02699677,31.8778288,65.3022406,34.10797803
3.951917377,19.30528497,36.82016918,68.0879749,27.06438907
14.57036914,26.32003558,29.50840158,65.28637364,68.30973187
3.068615687,17.11229593,27.780424,53.64506304,23.47636944
4.829150168,22.7623833,36.85101785,78.3882437,28.5506751
9.685230426,20.80567704,26.78509588,67.07787453,54.24722232
3.530480788,19.94050043,27.06392056,70.18437731,31.29637934
6.338542852,28.52900841,35.21739244,63.06080095,45.85912499
12.39884386,29.46495145,16.60614811,75.70325769,57.69015033
18.41714249,29.04083811,27.64654816,72.38435421,79.89469549
1.454491276,17.99437176,27.14031588,84.55341267,26.90043896
16.16997658,24.77686035,20.7576868,75.76718456,75.84289994
4.565016686,27.99364497,33.95945375,67.56778718,29.78401333
2.292412726,23.13997084,17.88888961,61.12339819,30.25115571
4.187521804,32.32419861,17.87884991,80.39143221,50.3132985
23.98191859,29.568751,29.04128736,66.60908681,99.12450713
4.570947756,23.9109334,31.67661669,67.9393892,35.19004534
2.891696193,21.48645819,29.7677626,67.93634072,22.80488102
6.520917644,24.16439303,16.82472555,65.18070747,38.95974278
2.147770806,21.92706336,18.53874535,68.14553207,28.33683084
0.97337183,25.07577766,35.07616526,93.11449075,27.42717864
1.327851318,26.1587721,36.71617233,57.42613535,26.73917123
1.322110544,19.18656979,29.1422163,60.22594947,23.90066144
1.488559409,17.04720804,18.97738895,86.61189302,41.50312554
1.396760396,15.00436861,22.83666188,65.50234739,18.11771084
6.644504306,25.69309138,17.72840015,64.59254459,43.22843721
1.704478142,18.01265311,28.1636767,82.41836628,21.74263522
3.044835895,14.1496466,22.30417139,52.95765259,14.28417154
14.12584475,27.08577561,25.2992869,79.85745315,72.69185485
4.35428685,33.06056978,17.93139581,70.54739715,42.2513978
7.107734502,23.75264998,44.32975567,75.57762557,38.74669054
1.634771103,25.76265587,31.94933807,75.35237146,28.54904542
1.781305886,22.77264391,30.06471315,62.46420896,21.76711469
0.750363276,21.79203221,30.65106434,82.61420536,23.78529557
1.610284064,26.07887695,17.58765446,63.39834746,25.88964547
2.459288712,21.453724,18.06393495,74.90618823,27.11501192
1.668870905,23.48678698,29.95148914,84.85269383,26.88940074
1.057315447,23.55112009,21.98811869,86.5468204,26.76109772
1.271337281,19.64547251,17.58314457,66.79448397,26.78116506
4.20577606,27.01961341,31.44957389,75.55762329,24.18274943
1.886553238,21.77179928,27.27510331,65.68613452,24.77438124
3.217886693,19.78149104,29.90543108,100.0455547,32.52997619
4.700031108,25.32104715,26.57021831,79.36151207,34.55532112
7.534744604,20.28981422,28.77894478,71.00870123,41.52903666
0.740634381,22.29788322,20.03362596,73.75074608,25.46833964
10.13896546,24.49826538,40.15813372,74.88526499,51.73792863
6.431562142,27.9514728,42.09161748,75.24092249,37.42907383
1.011772582,24.15173608,15.84254004,67.12002139,29.24086131
12.90880819,25.12709421,38.35219645,65.26807241,55.31425906
15.72016128,29.20110552,39.60118313,68.17775966,66.75097119
0.878136965,27.78036444,37.54730633,56.32369954,22.17439412
2.445061059,24.84250649,31.74252461,78.61929288,32.60966962
10.3456111,24.62781325,33.52063153,60.37953949,48.00527071
8.776143441,18.94669093,30.22241786,57.28059905,30.41144444
1.723877792,18.1705148,30.0033779,69.8277464,20.67542226
1.909394187,21.25644973,27.21064632,68.43852844,27.11541139
3.27671066,20.38112886,31.01716532,72.99561371,33.98626302
4.475975388,22.37110864,18.58382237,63.18153557,34.3563873
6.278011004,23.79610245,30.41274972,65.2894893,37.39549263
3.261875378,24.93423986,26.28302232,78.30543406,44.79215232
4.225346655,22.77434155,33.83870089,77.57460641,33.7112531
8.757373642,26.13534999,37.09648526,77.07430055,52.75438023
0.724237714,22.43895709,31.2016381,70.40761135,17.01269459
2.245619731,14.65953867,26.51995588,72.02707148,21.21527887
7.99695125,20.24189624,39.61379576,72.76526665,47.03742511
14.03460053,24.93229991,22.48152734,62.12749912,69.09373802
4.800674673,18.3613897,31.81254654,87.6885592,36.7051097
5.057177014,25.66400917,34.24538334,85.97905639,32.69874794
1.180168031,28.41804534,37.35017153,79.53094709,27.13103978
4.058859477,27.88976228,36.17208776,64.88966096,33.9928098
5.063640794,22.41213871,25.94714573,76.46972942,39.21157668
2.16615682,28.50444375,26.94843668,81.74043925,30.54923227
2.382047671,23.19018175,25.76869093,55.32163718,24.77803851
3.341989909,21.48715359,31.17395488,90.33414114,32.41411873
0.621652165,19.70180239,38.63583196,49.12734867,10.30594291
2.832348568,21.4982084,25.22114748,78.45526984,35.53580718
1.925341614,20.92862813,36.38618268,87.43938768,30.13559077
2.880495381,23.40178873,25.66896537,68.64323843,29.75255053
1.26537862,22.95864058,33.32509474,68.1944272,21.72587567
13.7724794,25.45530393,23.1171503,78.01192951,66.82867134
5.902392883,25.2233509,27.69619591,92.2225827,46.74823097
7.319797747,28.59253454,32.28060095,66.62718834,52.29253414
9.840254194,28.25828009,35.67592377,60.6285377,53.14634772
4.640218531,17.22046276,25.9641455,64.91469453,29.74750017
1.045592567,12.0457136,15.32642332,51.36983209,15.0498944
5.12155018,27.01766719,27.46276503,80.77309478,37.75428306
5.803538347,17.98336979,18.60347897,63.83100337,36.55003491
8.709299893,23.27826337,36.09442488,67.49993015,42.95100913
3.890207896,18.29209987,24.75656996,80.91545358,37.11396419
1.318908,15.12180525,33.01903658,65.47707611,8.901837027
2.502573082,24.79149418,14.79740126,79.10908474,36.40091791
3.206688953,25.83829288,18.80137995,57.54293795,31.78886445
6.72934767,21.37629531,35.81448593,81.50463314,49.02900771
5.574690327,13.02950341,20.90787013,74.10286026,41.17695375
3.141240558,20.60033235,27.69694285,68.93705163,26.9510435
26.33717463,30.15150968,29.61717902,71.57072186,100
6.084998051,17.60560324,26.73570858,54.55886446,33.89851127
2.124767173,23.26463147,33.14824044,71.29600893,18.87678501
1.144058028,22.22477511,30.58086234,68.29996258,24.5278562
1.495329756,24.69099844,33.82396208,54.88680867,19.11633916
2.193841096,23.02678175,23.88929944,61.94709488,26.76465664
1.55098925,18.49547155,17.04283819,68.4490569,33.26884445
1.738950473,27.22102362,16.95204961,62.71249378,29.0649618
2.513635089,21.99429048,20.42554133,45,19.09843241
1.642414602,22.30138549,19.35711539,82.91665048,35.06243302
14.1245087,21.79805534,31.27155863,68.2949215,65.42973447
1.001814276,20.47732456,31.91188548,45,11.6276768
4.960474101,19.70090767,32.81553775,95.61955528,34.0272756
3.669833339,22.2256741,16.69354089,84.89670798,33.47759613
24.731853,35.02979717,20.88564966,65.81221539,100
1.212964074,16.81563645,26.6272309,59.8900301,19.26687468
3.543547962,16.4316414,26.49921448,74.83829453,31.83590597
21.43435798,33.24327081,35.10124357,72.42792178,84.90006493
12.53746437,24.29707138,21.95279261,76.5050791,67.08795083
10.6919782,21.9967036,40.02035627,59.92455672,40.75373794
2.289650501,26.73203137,37.48919725,83.17326425,28.67486519
1.624397197,19.98363714,16.57528903,64.31845452,27.50631195
7.127357592,31.08587825,26.11983141,78.16918898,43.54734696
16.40231057,28.81228113,25.52939242,60.43672887,74.97481627
5.381902531,21.39383,18.57149904,101.7777278,42.91907255
5.586365369,32.0258242,22.96968856,78.34628019,39.15057021
2.470850185,20.19485285,24.52134767,104.6107873,42.99149804
9.30484255,27.29459213,30.74527383,79.93122372,54.46181987
1.742467893,23.63278729,33.56348763,63.26242772,26.78987216
2.846526879,27.91859688,19.01545153,79.95256952,40.31351001
3.8248673,29.20226161,16.78905461,80.80693382,27.97441019
4.750909776,23.31574404,33.0499282,74.47988973,39.4073358
2.165675501,19.52774739,18.06238112,77.56470966,26.80551256
1.231899633,24.14786348,27.32742473,79.14072555,25.1249812
6.159197945,20.82893801,25.2614807,58.07582787,39.08186164
2.543380211,30.68939404,11.5445538,57.22169914,29.5658248
5.72271841,23.97682093,32.45728678,60.46939602,39.05641522
1.505988517,20.91521092,32.00581812,71.53050873,24.88684934
4.436728268,23.84790329,28.08354595,67.32194594,35.47551894
5.063283489,17.87731571,32.40383854,58.29315321,29.45995467
0.819287909,18.31836582,22.56394816,79.30377053,20.60037116
2.962301608,27.54223103,29.82257981,73.39653784,29.36723427
1.366095961,19.71394687,14.81281942,72.0271479,26.45693436
0.892833553,18.03556446,17.63885651,66.90412834,31.42800795
28.10720787,31.17341298,23.08180162,65.46126277,100
2.834780135,27.45151165,29.69624418,59.90402606,25.97758548
10.46042368,27.49091916,13.78104761,81.20488351,60.55435841
2.263333006,26.55002399,23.99125018,61.55808542,26.80492116
7.364848106,20.81403167,30.8727429,72.5126856,44.19939996
9.068397337,18.57985667,21.74303355,89.94412476,55.0046651
5.932679565,29.4885045,22.02135134,66.01290706,44.28612486
4.327139864,21.79106561,38.33806512,81.52842569,22.61727868
3.684546881,21.91780465,29.62820915,76.82450819,35.50446663
3.07425981,28.08134152,31.22849039,73.73761076,31.31365944
16.41533629,28.32875411,27.95164421,75.1641813,72.22868452
11.15364243,26.6119617,33.64372952,68.86112117,59.63335403
20.61905834,35.81477396,18.5831529,70.41731163,97.87181657
1.296371251,19.75001989,34.19608061,63.42263262,24.75801805
8.375308181,27.80518756,33.20746942,70.49748545,46.00503972
17.21676359,26.5322434,20.39982571,62.97728805,70.50057505
1.699734858,23.49930283,15.92195138,82.06786112,18.0945067
0.912861905,28.34208918,22.99042622,49.60603086,22.52386888
8.608358919,26.18343275,38.57737339,75.77263949,51.61224046
5.626562865,25.55982503,30.63698267,74.03904042,39.84411055
11.56446285,29.18114506,36.49322927,72.95219157,63.02915704
1.403349478,20.89102645,18.63958988,82.29398739,23.49894494
10.01630067,21.1472365,31.12321191,66.56651692,49.65463698
1.851078638,18.28353288,28.89295566,73.06520613,24.94358416
1.572291194,14.52764644,38.70743486,49.40149734,16.00754898
1.576667939,30.6189955,32.85272003,65.01619741,32.18615287
10.6106197,20.23982146,29.98679689,80.26883717,55.07425832
7.065281834,22.88130596,22.54730398,53.93005917,38.68468394
4.942255738,22.12831073,29.5056381,71.9169204,32.40416527
3.16676841,24.02131889,33.39259561,61.86979514,34.66161075
13.083216,28.53375285,25.59830574,68.66815634,57.43169333
3.489876498,26.31436308,20.52186008,62.58787013,30.1088353
10.67649598,22.33681424,23.71578528,55.03365275,58.73878471
3.969649287,22.32392547,18.33981123,74.63203978,38.1334198
3.338717395,23.96499915,23.13184012,69.40483886,32.52841239
4.226966359,22.06197709,26.44592619,77.35154944,36.29390037
2.651871653,29.09235022,34.18503467,79.5332549,28.89998228
8.760663878,26.15406578,25.40250785,84.70310485,53.36900847
4.691616894,26.11241537,28.40742518,71.60184095,35.74830793
2.085455186,25.17288887,15.8747797,85.2234523,35.008397
14.2900391,30.2664052,25.4931311,58.29070591,58.8629836
3.405990454,23.57558385,33.06283136,80.90751795,35.86781357
5.205694293,18.11409578,30.69144494,75.512685,41.32687388
14.71697365,27.27799522,24.51282815,72.79711183,68.77506632
6.372795823,20.98777138,28.08986357,75.33678681,44.63404697
1.245887695,20.1970052,29.8654335,58.47113346,22.46573025
17.3637001,28.6863811,18.95752353,55.63903828,72.19900412
6.428461574,28.56024768,19.54172355,90.51793823,44.859178
2.946957893,22.82182578,32.93081668,67.97533386,25.04467126
1.399860924,23.58529728,16.06210746,67.80407894,28.45414309
9.980008374,31.30386187,28.00082826,56.77228631,51.63467186
6.306653045,24.53967598,30.78781762,52.21866033,42.31392207
5.074483148,33.67535324,20.08280076,68.94017345,45.29881015
13.95981998,27.75199358,33.21736097,65.90094494,68.03080421
9.823940082,17.41293398,15.0020933,70.02081228,52.98749383
1.486947921,25.38510346,20.64932933,71.04584728,23.82849192
2.741375308,24.20997737,27.16311251,99.87353298,39.32969873
2.214017711,27.71251544,30.92305648,65.93704023,28.69597614
8.674208371,26.8612775,30.18513699,88.9592813,48.8808266
0.704645239,21.62233737,30.55220441,89.70429058,33.04023197
5.562281338,18.49337739,27.48584995,79.04349142,44.31405178
9.124482295,23.44502754,28.83863766,67.17848401,43.81180896
13.06200407,21.8634192,25.53455437,53.66233197,54.85973209
3.012047561,20.43091809,23.70357206,75.73532653,29.39168861
10.83084778,27.06202556,36.69381778,82.22574496,60.84403259
1.203463311,28.98048385,18.84986361,90.97224957,36.01575177
11.74246374,26.51430206,38.105748,58.60050455,54.81573972
1.318277783,17.5460372,14.83895274,67.07768333,26.00370983
3.537887787,24.66288262,37.0461562,58.67362491,22.91659897
10.07603218,29.30553399,27.79442511,62.39826409,54.63916468
1.47453074,19.92950107,24.71032027,77.97265041,26.87900104
2.062358135,21.97952087,33.75960452,61.84834277,21.42859321
8.186258586,24.10531743,24.32246163,60.10874587,38.29680171
8.138577032,20.89505101,12.37448259,79.56395036,50.69899706
6.649065252,26.25538805,17.45856026,75.40886548,47.64123996
7.604010255,23.41720997,30.4630846,74.20013438,38.08785807
5.194814607,24.97683343,37.43418966,62.1653517,34.85521378
2.240502196,19.01015684,18.13080734,85.51627934,32.80863932
3.045099163,21.01144159,32.92837684,70.17388237,26.90399308
1.702407647,25.31512734,23.24235243,98.56228167,37.00124774
14.84525684,24.2199816,32.22422724,71.93399403,67.0501733
5.753654328,30.34626899,28.02719938,45,36.77771218
3.573473957,21.29482375,28.79579259,45,27.86569989
4.219445038,23.95360016,24.73164548,77.4873993,39.53277376
18.15694242,30.26959893,31.79010585,85.60592983,88.08953993
1.498817301,16.70124139,20.54226503,60.59406244,24.08140733
5.794667655,16.40543167,18.21015649,95.21174527,42.63010032
4.729966645,17.0798664,20.21643144,89.95598724,37.18232673
6.172065908,28.59335289,37.60746819,72.52656116,36.8467085
0.609657082,19.94498169,22.95934094,76.47344731,25.22544963
12.84016114,35.44283743,31.02058362,80.73436261,73.68589844
16.63993122,23.90299241,31.73826218,92.67993877,76.74604276
5.496292784,24.11227841,17.81801756,78.1856316,44.37474745
7.657224443,30.08274592,18.36801095,72.25517983,46.18969014
15.84481615,33.98557559,25.70559291,78.06761437,77.55156829
7.87038472,32.21361049,28.07539849,76.44832338,56.24078945
1.493063055,27.20673069,36.60351695,81.09292225,32.02167011
5.652212899,27.50930333,27.67390931,51.15972048,28.72030573
6.099325142,25.89493908,21.32124201,73.7902414,45.78863734
3.811247024,26.06625606,28.41742375,75.52528609,38.32977936
8.500941823,21.92049259,32.03005476,69.125834,47.28273372
16.84206131,22.93771979,32.15644715,79.40999733,78.27147377
16.08725728,26.00831649,24.94910089,93.05401145,74.74378688
4.096185778,22.34330795,30.83285769,71.65860557,34.09274063
1.221072227,20.49235586,31.57038935,78.30065297,30.79303603
25.63504393,31.19431077,37.5168215,89.27517713,100
11.45430866,28.684798,33.89141921,71.93877407,60.91521918
1.298875758,22.67834648,27.89437697,59.33844157,18.64091146
15.71784765,31.83958224,30.90213287,77.38934619,69.89911113
12.73654359,20.61737944,33.49107569,45,53.44115311
4.889308316,22.44768924,27.23638483,45,30.99157336
5.868282721,20.5997814,17.76648841,73.99614457,40.78398983
3.55498906,15.4226008,29.06351292,45,19.68731703
0.837908895,21.87875448,30.33765192,54.21798709,21.22525547
2.949589318,22.2504073,28.00211184,65.43881724,29.58650104
10.24284747,30.61451084,32.48412267,61.3430038,54.23524791
0.527856704,24.65521091,36.09723849,68.22632196,24.57812624
2.93428338,18.63682355,30.41806131,83.35444169,30.6636439
3.546668569,30.30303741,25.80510037,72.86176974,33.74600034
5.125298145,28.16545932,27.89391496,59.92815518,41.52833052
15.64355286,28.23927903,18.07265837,86.25329287,73.82307279
3.051062665,21.85682927,27.0118972,52.85371316,24.15854432
3.056638916,18.92640278,29.30697906,72.66260211,35.42354045
8.52505371,22.64243632,27.39490687,51.5189683,40.66141613
4.111266641,27.38281114,28.92280362,73.02781487,35.80366426
2.026294842,30.04491893,29.2786073,66.17647115,27.09569792
4.113694103,29.20139764,27.24351844,82.98685494,31.6086302
1.410919532,20.3973322,28.75882467,78.64827365,26.3062771
1.664327019,17.93761202,32.97287576,62.95432802,17.68243067
4.639328257,23.72337705,25.5502505,60.65272431,35.16135501
3.757257298,15.86555686,31.85940653,66.2188392,33.95161464
15.27975641,27.11260996,25.36753404,92.50685752,66.21446084
3.200207498,22.20964153,37.33680951,89.42882177,32.61957537
5.713414303,21.56420757,38.14195312,58.38078178,36.16841401
6.502344635,17.24677389,31.75028055,79.60270406,31.50670303
0.579085669,24.19917184,18.24473137,49.22282285,25.84706585
7.035609182,21.62809894,16.89952676,64.63189047,44.71278086
1.676351841,17.73942062,31.40359185,58.86922777,26.28671379
19.97598963,15.50494856,15.28889442,82.83135349,83.22903868
1.465681426,22.25636074,29.10950775,54.51138976,19.59981649
3.713006687,30.01725806,33.5698612,75.15220283,35.04471898
1.035280626,28.90385701,33.28521613,70.00852146,35.45700855
30,27.67161497,28.23973052,67.89461404,100
4.685281194,20.76247206,26.31695283,90.05899541,40.9540075
5.928915945,25.35732601,16.995674,91.11636631,48.62925198
0.916592305,18.23560632,28.69336666,68.26728618,24.84378206
8.816817531,25.41137198,19.22945597,65.84900439,60.56594394
1.91361703,25.54272537,22.12462926,51.91752017,26.2550914
14.19988914,30.45770518,17.94174118,69.94889215,69.68263229
1.877532969,22.06876694,30.40667749,93.43963907,30.81963599
1.769422579,21.62766064,13.25642789,68.45517593,29.23733963
0.723406051,18.66892117,20.61389189,78.7451114,22.72927705
4.33271476,19.77565727,37.06912342,53.23003211,30.33245084
5.492264622,22.46715059,33.35995975,64.78270084,29.63451945
0.907801641,23.69641244,28.57177238,75.54958367,24.53730685
9.464015562,28.0203424,40.55099413,71.27034878,54.186354
4.123007902,19.81803617,16.13205191,79.89600801,38.93288782
4.958945928,29.21049076,27.73546954,62.76793739,35.04625727
3.987088831,21.9122778,28.97581279,49.00013741,26.88882474
3.572589208,22.80767812,31.81250018,83.46508276,39.81111564
5.420980743,20.36639847,36.41600681,58.76620853,27.71562325
1.512218041,12.68109347,29.99288699,76.07924833,18.22646626
1.704830517,25.96238921,22.12989894,75.4102824,25.7215438
12.37369597,28.04079958,31.55521013,50.03496166,55.90014587
18.02547026,25.38105734,21.71649539,82.58950501,76.0469085
3.303813125,23.09391615,28.53997124,63.20119367,34.13250124
2.394388194,24.66235392,18.56874485,70.66065546,26.77496335
6.696939591,17.42405147,32.50453338,65.70180923,39.41830306
3.652937406,20.79702364,20.95718999,89.47109803,35.22143129
0.654284892,25.34062994,20.79576906,86.1218825,29.01387205
1.51870162,17.36251771,18.50538293,48.25198499,12.85698844
8.052099559,25.18725662,26.76786286,97.10592546,58.54427349
6.953898694,18.31214745,29.74695421,61.86031921,34.64263324
0.664819147,24.03192472,29.75390296,95.22924012,25.01836235
2.005957843,22.35892353,36.26291883,66.92548513,36.04156657
2.076569474,16.0586151,23.49293012,65.90899953,27.50557392
7.186488337,28.4555795,21.26624723,67.0320672,50.13652022
0.619444288,19.21649476,20.92369638,65.19052426,23.87013835
1.159616352,19.04889434,13.15106817,100.2927585,31.32629058
10.15411056,25.34080443,18.34507824,69.08364161,48.98534861
1.680066257,27.01456596,15.19368389,66.37244281,27.63266986
6.846194534,19.64826136,21.89098364,70.92412909,38.14576221
2.132291733,22.77979233,35.62180199,58.39197764,19.70623752
1.128440201,23.99737605,21.60750259,89.16544641,23.82313947
2.171717098,25.3153517,29.84869066,52.34702997,24.71729181
8.186568879,24.75240844,30.24367779,62.63189672,52.24348365
12.11501802,23.56064315,26.25312106,81.23992372,64.686409
11.139506,21.47451562,31.30039306,70.50822557,54.50448975
3.536854937,23.22878927,28.43423882,76.59058219,33.79426284
7.11726067,19.49075912,18.89625873,88.3979694,34.43532941
1.876360462,10.78368818,39.46173847,82.04561858,22.27589277
2.581601532,24.3916396,37.66296628,71.64971614,22.38298117
14.09959177,29.14063731,28.42357781,95.0721118,74.0173052
0.57852313,12.69290104,29.01495865,62.45996621,16.32879288
1.036322838,18.22015789,21.08988245,68.79628431,19.71337433
